rodada,atleta_id,apelido,clube_id,clube,posicao_id,posicao,pontuacao,entrou_em_campo,foto,G,A,FD,FF,DE,DS,FS,FC,CA,CV,GS,SG,I,DP,FT,PC,PP,PS,V
10,130811,Souza,277,SAN,2,Lateral,18.9,Sim,https://s3.glbimg.com/v1/AUTH_58d78b787ec34892b5aaa0c7a146155f/clubes_2025/silhuetas/SAN/FORMATO.png,0,1,0,0,0,6,1,2,0,0,0,1,0,0,0,0,0,0,0
10,78850,Reinaldo,2305,MIR,2,Lateral,18.3,Sim,https://s3.glbimg.com/v1/AUTH_58d78b787ec34892b5aaa0c7a146155f/clubes_2025/silhuetas/MIR/FORMATO.png,1,0,0,1,0,2,3,0,0,0,0,1,0,0,0,0,0,0,0
10,99552,Rossi,262,FLA,1,Goleiro,14.6,Sim,https://s3.glbimg.com/v1/AUTH_58d78b787ec34892b5aaa0c7a146155f/clubes_2025/silhuetas/FLA/FORMATO.png,0,0,0,0,2,0,2,0,1,0,0,1,0,1,0,0,0,0,0
10,103056,Gabriel Brazão,277,SAN,1,Goleiro,14.1,Sim,https://s3.glbimg.com/v1/AUTH_58d78b787ec34892b5aaa0c7a146155f/clubes_2025/silhuetas/SAN/FORMATO.png,0,0,0,0,7,0,0,0,0,0,0,1,0,0,0,0,0,0,0
10,83257,Gabriel,283,CRU,5,Atacante,13.9,Sim,https://s3.glbimg.com/v1/AUTH_58d78b787ec34892b5aaa0c7a146155f/clubes_2025/silhuetas/CRU/FORMATO.png,0,2,2,0,0,1,0,0,0,0,0,0,0,0,0,0,0,0,0
10,103445,Kaio Jorge,283,CRU,5,Atacante,13.8,Sim,https://s3.glbimg.com/v1/AUTH_58d78b787ec34892b5aaa0c7a146155f/clubes_2025/silhuetas/CRU/FORMATO.png,1,0,3,2,0,0,2,1,0,0,0,0,1,0,0,0,0,0,0
10,88393,Ayrton Lucas,262,FLA,2,Lateral,12.9,Sim,https://s3.glbimg.com/v1/AUTH_58d78b787ec34892b5aaa0c7a146155f/clubes_2025/silhuetas/FLA/FORMATO.png,1,0,0,0,0,0,1,2,0,0,0,1,0,0,0,0,0,0,0
10,124271,Gustavo Prado,285,INT,4,Meia,12.4,Sim,https://s3.glbimg.com/v1/AUTH_58d78b787ec34892b5aaa0c7a146155f/clubes_2025/silhuetas/INT/FORMATO.png,1,0,1,2,0,1,1,1,0,0,0,0,1,0,0,0,0,0,0
10,82775,Lucas Ramon,2305,MIR,2,Lateral,12.4,Sim,https://s3.glbimg.com/v1/AUTH_58d78b787ec34892b5aaa0c7a146155f/clubes_2025/silhuetas/MIR/FORMATO.png,0,0,1,0,0,4,1,1,0,0,0,1,0,0,0,0,0,0,0
10,101319,Guga,266,FLU,2,Lateral,12,Sim,https://s3.glbimg.com/v1/AUTH_58d78b787ec34892b5aaa0c7a146155f/clubes_2025/silhuetas/FLU/FORMATO.png,1,0,0,1,0,2,3,1,1,0,0,0,0,0,0,0,0,0,0
10,115248,Jhon Jhon,280,RBB,4,Meia,11.5,Sim,https://s3.glbimg.com/v1/AUTH_58d78b787ec34892b5aaa0c7a146155f/clubes_2025/silhuetas/RBB/FORMATO.png,1,0,0,1,0,0,6,1,0,0,0,0,0,0,0,0,0,0,0
10,112709,Kaiki Bruno,283,CRU,2,Lateral,11.3,Sim,https://s3.glbimg.com/v1/AUTH_58d78b787ec34892b5aaa0c7a146155f/clubes_2025/silhuetas/CRU/FORMATO.png,0,0,0,2,0,3,1,1,0,0,0,1,0,0,0,0,0,0,0
10,104250,João Victor,267,VAS,3,Zagueiro,10.9,Sim,https://s3.glbimg.com/v1/AUTH_58d78b787ec34892b5aaa0c7a146155f/clubes_2025/silhuetas/VAS/FORMATO.png,1,0,0,0,0,2,1,2,0,0,0,0,0,0,0,0,0,0,0
10,108683,Emiliano Martínez,275,PAL,4,Meia,10.4,Sim,https://s3.glbimg.com/v1/AUTH_58d78b787ec34892b5aaa0c7a146155f/clubes_2025/silhuetas/PAL/FORMATO.png,0,0,0,0,0,7,1,2,0,0,0,0,0,0,0,0,0,0,0
10,110715,Andrés Hurtado,280,RBB,2,Lateral,10.3,Sim,https://s3.glbimg.com/v1/AUTH_58d78b787ec34892b5aaa0c7a146155f/clubes_2025/silhuetas/RBB/FORMATO.png,0,0,0,0,0,5,0,4,1,0,0,1,0,0,0,0,0,0,0
10,105584,Lucas Piton,267,VAS,2,Lateral,10.1,Sim,https://s3.glbimg.com/v1/AUTH_58d78b787ec34892b5aaa0c7a146155f/clubes_2025/silhuetas/VAS/FORMATO.png,0,1,0,0,0,4,0,3,0,0,0,0,0,0,0,0,0,0,0
10,94968,Juninho Capixaba,280,RBB,2,Lateral,10,Sim,https://s3.glbimg.com/v1/AUTH_58d78b787ec34892b5aaa0c7a146155f/clubes_2025/silhuetas/RBB/FORMATO.png,0,0,1,2,0,1,2,1,0,0,0,1,0,0,0,0,0,0,0
10,107726,Chrystian Barletta,292,SPT,5,Atacante,9.7,Sim,https://s3.glbimg.com/v1/AUTH_58d78b787ec34892b5aaa0c7a146155f/clubes_2025/silhuetas/SPT/FORMATO.png,1,0,1,1,0,0,0,1,0,0,0,0,0,0,0,0,0,0,0
10,87863,Arrascaeta,262,FLA,4,Meia,9.7,Sim,https://s3.glbimg.com/v1/AUTH_58d78b787ec34892b5aaa0c7a146155f/clubes_2025/silhuetas/FLA/FORMATO.png,1,0,0,0,0,0,2,1,0,0,0,0,0,0,0,0,0,1,0
10,92087,Lyanco,282,CAM,3,Zagueiro,9.6,Sim,https://s3.glbimg.com/v1/AUTH_58d78b787ec34892b5aaa0c7a146155f/clubes_2025/silhuetas/CAM/FORMATO.png,0,0,0,1,0,3,3,4,1,0,0,1,0,0,0,0,0,0,0
10,111309,Gustavo Martins,284,GRE,3,Zagueiro,9.5,Sim,https://s3.glbimg.com/v1/AUTH_58d78b787ec34892b5aaa0c7a146155f/clubes_2025/silhuetas/GRE/FORMATO.png,0,0,0,0,0,3,0,0,0,0,0,1,0,0,0,0,0,0,0
10,83528,Léo Pereira,262,FLA,3,Zagueiro,9.5,Sim,https://s3.glbimg.com/v1/AUTH_58d78b787ec34892b5aaa0c7a146155f/clubes_2025/silhuetas/FLA/FORMATO.png,0,0,0,0,0,3,0,0,0,0,0,1,0,0,0,0,0,0,0
10,89368,Braithwaite,284,GRE,5,Atacante,9.5,Sim,https://s3.glbimg.com/v1/AUTH_58d78b787ec34892b5aaa0c7a146155f/clubes_2025/silhuetas/GRE/FORMATO.png,1,0,0,1,0,0,0,1,0,0,0,0,0,0,0,0,0,1,0
10,132553,Jemmes,2305,MIR,3,Zagueiro,9.4,Sim,https://s3.glbimg.com/v1/AUTH_58d78b787ec34892b5aaa0c7a146155f/clubes_2025/silhuetas/MIR/FORMATO.png,0,0,0,0,0,3,1,2,0,0,0,1,0,0,0,0,0,0,0
10,72018,Tiago Volpi,284,GRE,1,Goleiro,9.4,Sim,https://s3.glbimg.com/v1/AUTH_58d78b787ec34892b5aaa0c7a146155f/clubes_2025/silhuetas/GRE/FORMATO.png,0,0,0,0,3,0,1,0,0,0,0,1,0,0,0,0,0,0,0
10,79701,Lucas Silva,283,CRU,4,Meia,9.2,Sim,https://s3.glbimg.com/v1/AUTH_58d78b787ec34892b5aaa0c7a146155f/clubes_2025/silhuetas/CRU/FORMATO.png,1,0,0,0,0,0,3,1,0,0,0,0,0,0,0,0,0,0,0
10,94207,Guilherme,277,SAN,5,Atacante,9.2,Sim,https://s3.glbimg.com/v1/AUTH_58d78b787ec34892b5aaa0c7a146155f/clubes_2025/silhuetas/SAN/FORMATO.png,1,0,0,1,0,0,1,0,0,0,0,0,1,0,0,0,0,0,0
10,89275,William,283,CRU,2,Lateral,9.1,Sim,https://s3.glbimg.com/v1/AUTH_58d78b787ec34892b5aaa0c7a146155f/clubes_2025/silhuetas/CRU/FORMATO.png,0,0,1,0,0,2,1,2,0,0,0,1,0,0,0,0,0,0,0
10,51413,Walter,2305,MIR,1,Goleiro,8.9,Sim,https://s3.glbimg.com/v1/AUTH_58d78b787ec34892b5aaa0c7a146155f/clubes_2025/silhuetas/MIR/FORMATO.png,0,0,0,0,3,0,0,0,0,0,0,1,0,0,0,0,0,0,0
10,122486,Rayan,267,VAS,5,Atacante,8.7,Sim,https://s3.glbimg.com/v1/AUTH_58d78b787ec34892b5aaa0c7a146155f/clubes_2025/silhuetas/VAS/FORMATO.png,0,0,1,1,0,2,2,1,0,0,0,0,0,0,1,0,0,0,0
10,101727,Matheuzinho,264,COR,2,Lateral,8.5,Sim,https://s3.glbimg.com/v1/AUTH_58d78b787ec34892b5aaa0c7a146155f/clubes_2025/silhuetas/COR/FORMATO.png,0,0,0,0,0,2,1,0,0,0,0,1,0,0,0,0,0,0,0
10,126977,Fernando Seabra,280,RBB,6,Técnico,8.469999999999999,Sim,https://s3.glbimg.com/v1/AUTH_58d78b787ec34892b5aaa0c7a146155f/clubes_2025/silhuetas/RBB/FORMATO.png,0,0,0,0,0,0,0,0,0,0,0,0,0,0,0,0,0,0,1
10,80287,Luciano,276,SAO,5,Atacante,8.4,Sim,https://s3.glbimg.com/v1/AUTH_58d78b787ec34892b5aaa0c7a146155f/clubes_2025/silhuetas/SAO/FORMATO.png,0,0,2,0,0,4,0,0,0,0,0,0,0,0,0,0,0,0,0
10,105531,Matheus Bidu,264,COR,2,Lateral,8.3,Sim,https://s3.glbimg.com/v1/AUTH_58d78b787ec34892b5aaa0c7a146155f/clubes_2025/silhuetas/COR/FORMATO.png,0,0,0,1,0,0,5,0,0,0,0,1,0,0,0,0,0,0,0
10,88963,Leonardo Jardim,283,CRU,6,Técnico,8.24,Sim,https://s3.glbimg.com/v1/AUTH_58d78b787ec34892b5aaa0c7a146155f/clubes_2025/silhuetas/CRU/FORMATO.png,0,0,0,0,0,0,0,0,0,0,0,0,0,0,0,0,0,0,1
10,139076,Filipe Luís,262,FLA,6,Técnico,8.09,Sim,https://s3.glbimg.com/v1/AUTH_58d78b787ec34892b5aaa0c7a146155f/clubes_2025/silhuetas/FLA/FORMATO.png,0,0,0,0,0,0,0,0,0,0,0,0,0,0,0,0,0,0,1
10,104027,Rafael Guanaes,2305,MIR,6,Técnico,7.85,Sim,https://s3.glbimg.com/v1/AUTH_58d78b787ec34892b5aaa0c7a146155f/clubes_2025/silhuetas/MIR/FORMATO.png,0,0,0,0,0,0,0,0,0,0,0,0,0,0,0,0,0,0,1
10,78479,Cleber Xavier,277,SAN,6,Técnico,7.79,Sim,https://s3.glbimg.com/v1/AUTH_58d78b787ec34892b5aaa0c7a146155f/clubes_2025/silhuetas/SAN/FORMATO.png,0,0,0,0,0,0,0,0,0,0,0,0,0,0,0,0,0,0,1
10,101574,Hugo Souza,264,COR,1,Goleiro,7.6,Sim,https://s3.glbimg.com/v1/AUTH_58d78b787ec34892b5aaa0c7a146155f/clubes_2025/silhuetas/COR/FORMATO.png,0,0,0,0,2,0,0,0,0,0,0,1,0,0,0,0,0,0,0
10,39148,Hulk,282,CAM,5,Atacante,7.6,Sim,https://s3.glbimg.com/v1/AUTH_58d78b787ec34892b5aaa0c7a146155f/clubes_2025/silhuetas/CAM/FORMATO.png,0,0,0,3,0,2,5,1,0,0,0,0,0,0,0,0,0,0,0
10,91639,Igor Cariús,292,SPT,2,Lateral,7.6,Sim,https://s3.glbimg.com/v1/AUTH_58d78b787ec34892b5aaa0c7a146155f/clubes_2025/silhuetas/SPT/FORMATO.png,0,0,1,0,0,4,2,2,0,0,0,0,0,0,0,0,0,0,0
10,93882,Cleiton,280,RBB,1,Goleiro,7.6,Sim,https://s3.glbimg.com/v1/AUTH_58d78b787ec34892b5aaa0c7a146155f/clubes_2025/silhuetas/RBB/FORMATO.png,0,0,0,0,2,0,0,0,0,0,0,1,0,0,0,0,0,0,0
10,104271,Hereda,292,SPT,2,Lateral,7,Sim,https://s3.glbimg.com/v1/AUTH_58d78b787ec34892b5aaa0c7a146155f/clubes_2025/silhuetas/SPT/FORMATO.png,0,0,0,1,0,3,4,1,0,0,0,0,0,0,0,0,0,0,0
10,89637,Thiago Maia,285,INT,4,Meia,7,Sim,https://s3.glbimg.com/v1/AUTH_58d78b787ec34892b5aaa0c7a146155f/clubes_2025/silhuetas/INT/FORMATO.png,0,1,0,0,0,1,1,0,0,0,0,0,0,0,0,0,0,0,0
10,37281,Mano Menezes,284,GRE,6,Técnico,6.85,Sim,https://s3.glbimg.com/v1/AUTH_58d78b787ec34892b5aaa0c7a146155f/clubes_2025/silhuetas/GRE/FORMATO.png,0,0,0,0,0,0,0,0,0,0,0,0,0,0,0,0,0,0,1
10,77485,Carrillo,264,COR,4,Meia,6.8,Sim,https://s3.glbimg.com/v1/AUTH_58d78b787ec34892b5aaa0c7a146155f/clubes_2025/silhuetas/COR/FORMATO.png,0,0,0,1,0,4,0,0,0,0,0,0,0,0,0,0,0,0,0
10,97460,João Victor,2305,MIR,3,Zagueiro,6.8,Sim,https://s3.glbimg.com/v1/AUTH_58d78b787ec34892b5aaa0c7a146155f/clubes_2025/silhuetas/MIR/FORMATO.png,0,0,0,1,0,0,2,0,0,0,0,1,0,0,0,0,0,0,0
10,106434,Eduardo Santos,280,RBB,3,Zagueiro,6.5,Sim,https://s3.glbimg.com/v1/AUTH_58d78b787ec34892b5aaa0c7a146155f/clubes_2025/silhuetas/RBB/FORMATO.png,0,0,0,0,0,1,0,0,0,0,0,1,0,0,0,0,0,0,0
10,87342,Kannemann,284,GRE,3,Zagueiro,6.5,Sim,https://s3.glbimg.com/v1/AUTH_58d78b787ec34892b5aaa0c7a146155f/clubes_2025/silhuetas/GRE/FORMATO.png,0,0,0,0,0,1,0,0,0,0,0,1,0,0,0,0,0,0,0
10,93372,João Basso,277,SAN,3,Zagueiro,6.5,Sim,https://s3.glbimg.com/v1/AUTH_58d78b787ec34892b5aaa0c7a146155f/clubes_2025/silhuetas/SAN/FORMATO.png,0,0,0,0,0,1,0,0,0,0,0,1,0,0,0,0,0,0,0
10,42234,Cássio,283,CRU,1,Goleiro,6.3,Sim,https://s3.glbimg.com/v1/AUTH_58d78b787ec34892b5aaa0c7a146155f/clubes_2025/silhuetas/CRU/FORMATO.png,0,0,0,0,1,0,0,0,0,0,0,1,0,0,0,0,0,0,0
10,97642,Félix Torres,264,COR,3,Zagueiro,6.2,Sim,https://s3.glbimg.com/v1/AUTH_58d78b787ec34892b5aaa0c7a146155f/clubes_2025/silhuetas/COR/FORMATO.png,0,0,0,0,0,1,0,1,0,0,0,1,0,0,0,0,0,0,0
10,61987,Alex Sandro,262,FLA,2,Lateral,6.1,Sim,https://s3.glbimg.com/v1/AUTH_58d78b787ec34892b5aaa0c7a146155f/clubes_2025/silhuetas/FLA/FORMATO.png,0,0,0,0,0,1,1,3,0,0,0,1,0,0,0,0,0,0,0
10,107554,Natanael,282,CAM,2,Lateral,5.9,Sim,https://s3.glbimg.com/v1/AUTH_58d78b787ec34892b5aaa0c7a146155f/clubes_2025/silhuetas/CAM/FORMATO.png,0,0,0,0,0,1,0,2,0,0,0,1,0,0,0,0,0,0,0
10,93716,Paulo Henrique,267,VAS,2,Lateral,5.9,Sim,https://s3.glbimg.com/v1/AUTH_58d78b787ec34892b5aaa0c7a146155f/clubes_2025/silhuetas/VAS/FORMATO.png,0,0,0,0,0,4,1,2,0,0,0,0,0,0,0,0,0,0,0
10,81881,João Ricardo,356,FOR,1,Goleiro,5.8,Sim,https://s3.glbimg.com/v1/AUTH_58d78b787ec34892b5aaa0c7a146155f/clubes_2025/silhuetas/FOR/FORMATO.png,0,0,0,0,6,0,0,0,0,0,2,0,0,0,0,0,0,0,0
10,106082,Ewerthon,286,JUV,2,Lateral,5.7,Sim,https://s3.glbimg.com/v1/AUTH_58d78b787ec34892b5aaa0c7a146155f/clubes_2025/silhuetas/JUV/FORMATO.png,0,0,0,0,0,4,0,1,0,0,0,0,0,0,0,0,0,0,0
10,39656,Alan Franco,282,CAM,4,Meia,5.7,Sim,https://s3.glbimg.com/v1/AUTH_58d78b787ec34892b5aaa0c7a146155f/clubes_2025/silhuetas/CAM/FORMATO.png,0,0,0,0,0,4,0,1,0,0,0,0,0,0,0,0,0,0,0
10,84816,Varela,262,FLA,2,Lateral,5.7,Sim,https://s3.glbimg.com/v1/AUTH_58d78b787ec34892b5aaa0c7a146155f/clubes_2025/silhuetas/FLA/FORMATO.png,0,0,0,0,0,1,1,1,0,0,0,1,0,0,0,1,0,0,0
10,87225,Pedro Henrique,280,RBB,3,Zagueiro,5.7,Sim,https://s3.glbimg.com/v1/AUTH_58d78b787ec34892b5aaa0c7a146155f/clubes_2025/silhuetas/RBB/FORMATO.png,0,0,0,0,0,0,2,1,0,0,0,1,0,0,0,0,0,0,0
10,82455,Zé Rafael,277,SAN,4,Meia,5.6,Sim,https://s3.glbimg.com/v1/AUTH_58d78b787ec34892b5aaa0c7a146155f/clubes_2025/silhuetas/SAN/FORMATO.png,0,0,0,0,0,3,4,3,0,0,0,0,0,0,0,0,0,0,0
10,62977,Ganso,266,FLU,4,Meia,5.5,Sim,https://s3.glbimg.com/v1/AUTH_58d78b787ec34892b5aaa0c7a146155f/clubes_2025/silhuetas/FLU/FORMATO.png,0,0,0,0,0,3,2,0,0,0,0,0,0,0,0,0,0,0,0
10,89273,João Pedro,284,GRE,2,Lateral,5.5,Sim,https://s3.glbimg.com/v1/AUTH_58d78b787ec34892b5aaa0c7a146155f/clubes_2025/silhuetas/GRE/FORMATO.png,0,0,0,0,0,0,1,0,0,0,0,1,0,0,0,0,0,0,0
10,87999,Gustavo Scarpa,282,CAM,4,Meia,5.3,Sim,https://s3.glbimg.com/v1/AUTH_58d78b787ec34892b5aaa0c7a146155f/clubes_2025/silhuetas/CAM/FORMATO.png,0,0,1,1,0,2,3,4,0,0,0,0,0,0,0,0,0,0,0
10,122897,Guzmán Rodríguez,280,RBB,3,Zagueiro,5.2,Sim,https://s3.glbimg.com/v1/AUTH_58d78b787ec34892b5aaa0c7a146155f/clubes_2025/silhuetas/RBB/FORMATO.png,0,0,0,0,0,1,0,1,1,0,0,1,0,0,0,0,0,0,0
10,132580,Vinicinho,280,RBB,5,Atacante,5.1,Sim,https://s3.glbimg.com/v1/AUTH_58d78b787ec34892b5aaa0c7a146155f/clubes_2025/silhuetas/RBB/FORMATO.png,0,0,1,0,0,2,2,0,0,0,0,0,1,0,0,0,0,0,0
10,102340,Cacá,264,COR,3,Zagueiro,5,Sim,https://s3.glbimg.com/v1/AUTH_58d78b787ec34892b5aaa0c7a146155f/clubes_2025/silhuetas/COR/FORMATO.png,0,0,0,1,0,0,1,1,1,0,0,1,0,0,0,0,0,0,0
10,103014,Laquintana,280,RBB,5,Atacante,5,Sim,https://s3.glbimg.com/v1/AUTH_58d78b787ec34892b5aaa0c7a146155f/clubes_2025/silhuetas/RBB/FORMATO.png,0,0,0,0,0,3,1,0,0,0,0,0,0,0,0,0,0,0,0
10,106918,Paulo Baya,266,FLU,5,Atacante,5,Sim,https://s3.glbimg.com/v1/AUTH_58d78b787ec34892b5aaa0c7a146155f/clubes_2025/silhuetas/FLU/FORMATO.png,0,1,0,0,0,0,0,0,0,0,0,0,0,0,0,0,0,0,0
10,109401,Erick Pulga,265,BAH,5,Atacante,5,Sim,https://s3.glbimg.com/v1/AUTH_58d78b787ec34892b5aaa0c7a146155f/clubes_2025/silhuetas/BAH/FORMATO.png,0,0,1,1,0,2,1,1,0,0,0,0,2,0,0,0,0,0,0
10,122406,Luisão,277,SAN,3,Zagueiro,5,Sim,https://s3.glbimg.com/v1/AUTH_58d78b787ec34892b5aaa0c7a146155f/clubes_2025/silhuetas/SAN/FORMATO.png,0,0,0,0,0,0,0,0,0,0,0,1,0,0,0,0,0,0,0
10,72294,Everson,282,CAM,1,Goleiro,5,Sim,https://s3.glbimg.com/v1/AUTH_58d78b787ec34892b5aaa0c7a146155f/clubes_2025/silhuetas/CAM/FORMATO.png,0,0,0,0,0,0,0,0,0,0,0,1,0,0,0,0,0,0,0
10,90768,Fabrício Bruno,283,CRU,3,Zagueiro,5,Sim,https://s3.glbimg.com/v1/AUTH_58d78b787ec34892b5aaa0c7a146155f/clubes_2025/silhuetas/CRU/FORMATO.png,0,0,0,0,0,0,0,0,0,0,0,1,0,0,0,0,0,0,0
10,91706,Marlon,284,GRE,2,Lateral,5,Sim,https://s3.glbimg.com/v1/AUTH_58d78b787ec34892b5aaa0c7a146155f/clubes_2025/silhuetas/GRE/FORMATO.png,0,0,0,0,0,0,0,0,0,0,0,1,0,0,0,0,0,0,0
10,97867,Léo Ortiz,262,FLA,3,Zagueiro,5,Sim,https://s3.glbimg.com/v1/AUTH_58d78b787ec34892b5aaa0c7a146155f/clubes_2025/silhuetas/FLA/FORMATO.png,0,0,0,0,0,0,0,0,0,0,0,1,0,0,0,0,0,0,0
10,42411,Cuca,282,CAM,6,Técnico,4.99,Sim,https://s3.glbimg.com/v1/AUTH_58d78b787ec34892b5aaa0c7a146155f/clubes_2025/silhuetas/CAM/FORMATO.png,0,0,0,0,0,0,0,0,0,0,0,0,0,0,0,0,0,0,0
10,104994,Wagner Leonardo,284,GRE,3,Zagueiro,4.9,Sim,https://s3.glbimg.com/v1/AUTH_58d78b787ec34892b5aaa0c7a146155f/clubes_2025/silhuetas/GRE/FORMATO.png,0,0,0,0,0,0,0,0,0,0,0,1,1,0,0,0,0,0,0
10,97145,Villasanti,284,GRE,4,Meia,4.9,Sim,https://s3.glbimg.com/v1/AUTH_58d78b787ec34892b5aaa0c7a146155f/clubes_2025/silhuetas/GRE/FORMATO.png,0,0,0,0,0,3,2,2,0,0,0,0,0,0,0,0,0,0,0
10,40990,Dorival Júnior,264,COR,6,Técnico,4.86,Sim,https://s3.glbimg.com/v1/AUTH_58d78b787ec34892b5aaa0c7a146155f/clubes_2025/silhuetas/COR/FORMATO.png,0,0,0,0,0,0,0,0,0,0,0,0,0,0,0,0,0,0,0
10,41929,Renato Gaúcho,266,FLU,6,Técnico,4.75,Sim,https://s3.glbimg.com/v1/AUTH_58d78b787ec34892b5aaa0c7a146155f/clubes_2025/silhuetas/FLU/FORMATO.png,0,0,0,0,0,0,0,0,0,0,0,0,0,0,0,0,0,0,1
10,69783,Danilo,262,FLA,3,Zagueiro,4.7,Sim,https://s3.glbimg.com/v1/AUTH_58d78b787ec34892b5aaa0c7a146155f/clubes_2025/silhuetas/FLA/FORMATO.png,0,0,0,0,0,0,0,1,0,0,0,1,0,0,0,0,0,0,0
10,128915,Estêvão,275,PAL,5,Atacante,4.6,Sim,https://s3.glbimg.com/v1/AUTH_58d78b787ec34892b5aaa0c7a146155f/clubes_2025/silhuetas/PAL/FORMATO.png,0,0,1,0,0,1,4,0,0,0,0,0,1,0,0,0,0,0,0
10,85856,Ricardo Ryller,287,VIT,4,Meia,4.6,Sim,https://s3.glbimg.com/v1/AUTH_58d78b787ec34892b5aaa0c7a146155f/clubes_2025/silhuetas/VIT/FORMATO.png,0,0,1,0,0,3,1,2,1,0,0,0,0,0,0,0,0,0,0
10,106822,Rodrigo Nestor,265,BAH,4,Meia,4.5,Sim,https://s3.glbimg.com/v1/AUTH_58d78b787ec34892b5aaa0c7a146155f/clubes_2025/silhuetas/BAH/FORMATO.png,0,0,0,0,0,3,0,0,0,0,0,0,0,0,0,0,0,0,0
10,122573,Wallace Yan,262,FLA,5,Atacante,4.5,Sim,https://s3.glbimg.com/v1/AUTH_58d78b787ec34892b5aaa0c7a146155f/clubes_2025/silhuetas/FLA/FORMATO.png,0,1,0,1,0,0,0,1,1,0,0,0,0,0,0,0,0,0,0
10,124526,Giay,275,PAL,2,Lateral,4.5,Sim,https://s3.glbimg.com/v1/AUTH_58d78b787ec34892b5aaa0c7a146155f/clubes_2025/silhuetas/PAL/FORMATO.png,0,0,0,0,0,2,3,0,0,0,0,0,0,0,0,0,0,0,0
10,136306,Luis Otávio,285,INT,4,Meia,4.5,Sim,https://s3.glbimg.com/v1/AUTH_58d78b787ec34892b5aaa0c7a146155f/clubes_2025/silhuetas/INT/FORMATO.png,0,0,0,0,0,3,0,0,0,0,0,0,0,0,0,0,0,0,0
10,82407,Chico Kim,2305,MIR,4,Meia,4.5,Sim,https://s3.glbimg.com/v1/AUTH_58d78b787ec34892b5aaa0c7a146155f/clubes_2025/silhuetas/MIR/FORMATO.png,0,0,0,0,0,2,1,0,0,0,0,0,0,0,0,0,0,1,0
10,142279,Nuno Moreira,267,VAS,5,Atacante,4.4,Sim,https://s3.glbimg.com/v1/AUTH_58d78b787ec34892b5aaa0c7a146155f/clubes_2025/silhuetas/VAS/FORMATO.png,0,0,0,0,0,2,3,0,0,0,0,0,1,0,0,0,0,0,0
10,88312,Junior Alonso,282,CAM,3,Zagueiro,4.4,Sim,https://s3.glbimg.com/v1/AUTH_58d78b787ec34892b5aaa0c7a146155f/clubes_2025/silhuetas/CAM/FORMATO.png,0,0,0,0,0,0,0,2,0,0,0,1,0,0,0,0,0,0,0
10,102253,Lucas Halter,287,VIT,3,Zagueiro,4.3,Sim,https://s3.glbimg.com/v1/AUTH_58d78b787ec34892b5aaa0c7a146155f/clubes_2025/silhuetas/VIT/FORMATO.png,0,0,1,2,0,1,0,0,0,0,0,0,0,0,0,0,0,0,0
10,104758,Enzo Díaz,276,SAO,2,Lateral,4.3,Sim,https://s3.glbimg.com/v1/AUTH_58d78b787ec34892b5aaa0c7a146155f/clubes_2025/silhuetas/SAO/FORMATO.png,0,0,0,0,0,4,1,4,0,0,0,0,0,0,0,1,0,0,0
10,101960,Vitinho,285,INT,5,Atacante,4.2,Sim,https://s3.glbimg.com/v1/AUTH_58d78b787ec34892b5aaa0c7a146155f/clubes_2025/silhuetas/INT/FORMATO.png,0,0,0,1,0,2,2,2,0,0,0,0,0,0,0,0,0,0,0
10,106681,Léo Pereira,287,VIT,5,Atacante,4.2,Sim,https://s3.glbimg.com/v1/AUTH_58d78b787ec34892b5aaa0c7a146155f/clubes_2025/silhuetas/VIT/FORMATO.png,0,0,1,0,0,1,3,0,0,0,0,0,0,0,0,0,0,0,0
10,123795,Lucho Rodríguez,265,BAH,5,Atacante,4.1,Sim,https://s3.glbimg.com/v1/AUTH_58d78b787ec34892b5aaa0c7a146155f/clubes_2025/silhuetas/BAH/FORMATO.png,0,0,1,3,0,0,1,0,0,0,0,0,0,0,0,0,0,0,0
10,112886,Lucas Barbosa,280,RBB,5,Atacante,4,Sim,https://s3.glbimg.com/v1/AUTH_58d78b787ec34892b5aaa0c7a146155f/clubes_2025/silhuetas/RBB/FORMATO.png,0,0,0,0,0,4,5,5,0,1,0,0,0,0,0,0,0,0,0
10,72391,Fernando Diniz,267,VAS,6,Técnico,3.96,Sim,https://s3.glbimg.com/v1/AUTH_58d78b787ec34892b5aaa0c7a146155f/clubes_2025/silhuetas/VAS/FORMATO.png,0,0,0,0,0,0,0,0,0,0,0,0,0,0,0,0,0,0,0
10,110727,Rubens,282,CAM,4,Meia,3.9,Sim,https://s3.glbimg.com/v1/AUTH_58d78b787ec34892b5aaa0c7a146155f/clubes_2025/silhuetas/CAM/FORMATO.png,0,0,0,1,0,3,1,3,1,0,0,0,0,0,0,0,0,0,0
10,111407,Luis Mandaca,286,JUV,4,Meia,3.8,Sim,https://s3.glbimg.com/v1/AUTH_58d78b787ec34892b5aaa0c7a146155f/clubes_2025/silhuetas/JUV/FORMATO.png,0,0,1,1,0,0,2,4,1,0,0,0,0,0,1,0,0,0,0
10,84558,Lucas Romero,283,CRU,4,Meia,3.8,Sim,https://s3.glbimg.com/v1/AUTH_58d78b787ec34892b5aaa0c7a146155f/clubes_2025/silhuetas/CRU/FORMATO.png,0,0,0,1,0,1,3,0,0,0,0,0,0,0,0,0,0,0,0
10,79437,Roger Machado,285,INT,6,Técnico,3.75,Sim,https://s3.glbimg.com/v1/AUTH_58d78b787ec34892b5aaa0c7a146155f/clubes_2025/silhuetas/INT/FORMATO.png,0,0,0,0,0,0,0,0,0,0,0,0,0,0,0,0,0,0,0
10,102256,Rollheiser,277,SAN,4,Meia,3.7,Sim,https://s3.glbimg.com/v1/AUTH_58d78b787ec34892b5aaa0c7a146155f/clubes_2025/silhuetas/SAN/FORMATO.png,0,0,0,0,0,0,2,1,0,0,0,0,0,0,1,0,0,0,0
10,87008,Léo Jardim,267,VAS,1,Goleiro,3.7,Sim,https://s3.glbimg.com/v1/AUTH_58d78b787ec34892b5aaa0c7a146155f/clubes_2025/silhuetas/VAS/FORMATO.png,0,0,0,0,4,0,1,0,0,0,2,0,0,0,0,0,0,0,0
10,99267,Pochettino,356,FOR,4,Meia,3.6,Sim,https://s3.glbimg.com/v1/AUTH_58d78b787ec34892b5aaa0c7a146155f/clubes_2025/silhuetas/FOR/FORMATO.png,0,0,0,2,0,1,1,0,0,0,0,0,0,0,0,0,0,0,0
10,82627,Luiz Araújo,262,FLA,5,Atacante,3.5,Sim,https://s3.glbimg.com/v1/AUTH_58d78b787ec34892b5aaa0c7a146155f/clubes_2025/silhuetas/FLA/FORMATO.png,0,0,0,0,0,2,1,0,0,0,0,0,0,0,0,0,0,0,0
10,87742,Neto Moura,2305,MIR,4,Meia,3.5,Sim,https://s3.glbimg.com/v1/AUTH_58d78b787ec34892b5aaa0c7a146155f/clubes_2025/silhuetas/MIR/FORMATO.png,0,0,0,1,0,2,2,1,1,0,0,0,0,0,0,0,0,0,0
10,106593,Villalba,283,CRU,3,Zagueiro,3.4,Sim,https://s3.glbimg.com/v1/AUTH_58d78b787ec34892b5aaa0c7a146155f/clubes_2025/silhuetas/CRU/FORMATO.png,0,0,0,0,0,0,0,2,1,0,0,1,0,0,0,0,0,0,0
10,84847,Luan Peres,277,SAN,3,Zagueiro,3.4,Sim,https://s3.glbimg.com/v1/AUTH_58d78b787ec34892b5aaa0c7a146155f/clubes_2025/silhuetas/SAN/FORMATO.png,0,0,0,0,0,0,0,2,1,0,0,1,0,0,0,0,0,0,0
10,85403,Danielzinho,2305,MIR,4,Meia,3.4,Sim,https://s3.glbimg.com/v1/AUTH_58d78b787ec34892b5aaa0c7a146155f/clubes_2025/silhuetas/MIR/FORMATO.png,0,0,0,0,0,2,2,2,0,0,0,0,0,0,0,0,0,0,0
10,126471,Barreal,277,SAN,4,Meia,3.3,Sim,https://s3.glbimg.com/v1/AUTH_58d78b787ec34892b5aaa0c7a146155f/clubes_2025/silhuetas/SAN/FORMATO.png,0,0,0,1,0,1,2,0,0,0,0,0,0,0,0,0,0,0,0
10,63110,Alan Ruschel,286,JUV,2,Lateral,3.2,Sim,https://s3.glbimg.com/v1/AUTH_58d78b787ec34892b5aaa0c7a146155f/clubes_2025/silhuetas/JUV/FORMATO.png,0,0,0,0,0,1,4,1,0,0,0,0,0,0,0,0,0,0,0
10,86859,José Welison,356,FOR,4,Meia,3.2,Sim,https://s3.glbimg.com/v1/AUTH_58d78b787ec34892b5aaa0c7a146155f/clubes_2025/silhuetas/FOR/FORMATO.png,0,0,0,0,0,2,1,1,0,0,0,0,0,0,0,0,0,0,0
10,125488,João Pedro,264,COR,3,Zagueiro,3.1,Sim,https://s3.glbimg.com/v1/AUTH_58d78b787ec34892b5aaa0c7a146155f/clubes_2025/silhuetas/COR/FORMATO.png,0,0,0,0,0,0,0,3,1,0,0,1,0,0,0,0,0,0,0
10,99815,Arias,266,FLU,4,Meia,3.1,Sim,https://s3.glbimg.com/v1/AUTH_58d78b787ec34892b5aaa0c7a146155f/clubes_2025/silhuetas/FLU/FORMATO.png,0,0,1,0,0,1,2,2,0,0,0,0,0,0,0,0,0,0,0
10,109899,Batalla,286,JUV,5,Atacante,3,Sim,https://s3.glbimg.com/v1/AUTH_58d78b787ec34892b5aaa0c7a146155f/clubes_2025/silhuetas/JUV/FORMATO.png,0,0,0,0,0,2,0,0,0,0,0,0,0,0,0,0,0,0,0
10,111682,Adson,267,VAS,4,Meia,3,Sim,https://s3.glbimg.com/v1/AUTH_58d78b787ec34892b5aaa0c7a146155f/clubes_2025/silhuetas/VAS/FORMATO.png,0,0,0,0,0,2,0,0,0,0,0,0,0,0,0,0,0,0,0
10,113397,Cristian Olivera,284,GRE,5,Atacante,3,Sim,https://s3.glbimg.com/v1/AUTH_58d78b787ec34892b5aaa0c7a146155f/clubes_2025/silhuetas/GRE/FORMATO.png,0,0,0,0,0,1,3,0,0,0,0,0,0,0,0,0,0,0,0
10,113687,Du Queiroz,292,SPT,4,Meia,3,Sim,https://s3.glbimg.com/v1/AUTH_58d78b787ec34892b5aaa0c7a146155f/clubes_2025/silhuetas/SPT/FORMATO.png,0,0,0,0,0,2,0,0,0,0,0,0,0,0,0,0,0,0,0
10,98384,Negueba,2305,MIR,5,Atacante,3,Sim,https://s3.glbimg.com/v1/AUTH_58d78b787ec34892b5aaa0c7a146155f/clubes_2025/silhuetas/MIR/FORMATO.png,0,0,0,1,0,1,2,1,0,0,0,0,0,0,0,0,0,0,0
10,111578,António Oliveira,292,SPT,6,Técnico,2.96,Sim,https://s3.glbimg.com/v1/AUTH_58d78b787ec34892b5aaa0c7a146155f/clubes_2025/silhuetas/SPT/FORMATO.png,0,0,0,0,0,0,0,0,0,0,0,0,0,0,0,0,0,0,0
10,111683,Anthoni,285,INT,1,Goleiro,2.9,Sim,https://s3.glbimg.com/v1/AUTH_58d78b787ec34892b5aaa0c7a146155f/clubes_2025/silhuetas/INT/FORMATO.png,0,0,0,0,3,0,0,0,0,0,1,0,0,0,0,0,0,0,0
10,122990,Patrick,282,CAM,4,Meia,2.9,Sim,https://s3.glbimg.com/v1/AUTH_58d78b787ec34892b5aaa0c7a146155f/clubes_2025/silhuetas/CAM/FORMATO.png,0,0,0,0,0,2,1,2,0,0,0,0,0,0,0,0,0,0,0
10,141525,Gustavo Mancha,356,FOR,3,Zagueiro,2.9,Sim,https://s3.glbimg.com/v1/AUTH_58d78b787ec34892b5aaa0c7a146155f/clubes_2025/silhuetas/FOR/FORMATO.png,0,0,0,0,0,3,0,2,1,0,0,0,0,0,0,0,0,0,0
10,92696,Renato Kayzer,287,VIT,5,Atacante,2.9,Sim,https://s3.glbimg.com/v1/AUTH_58d78b787ec34892b5aaa0c7a146155f/clubes_2025/silhuetas/VIT/FORMATO.png,0,0,1,1,0,0,2,0,0,0,0,0,1,0,0,0,0,0,0
10,92182,Juninho,285,INT,3,Zagueiro,2.8,Sim,https://s3.glbimg.com/v1/AUTH_58d78b787ec34892b5aaa0c7a146155f/clubes_2025/silhuetas/INT/FORMATO.png,0,0,0,1,0,1,1,0,0,0,0,0,0,0,0,0,0,0,0
10,117314,Thiago Borbas,280,RBB,5,Atacante,2.7,Sim,https://s3.glbimg.com/v1/AUTH_58d78b787ec34892b5aaa0c7a146155f/clubes_2025/silhuetas/RBB/FORMATO.png,0,0,1,1,0,1,1,1,1,0,0,0,0,0,0,0,0,0,0
10,132071,Serna,266,FLU,5,Atacante,2.7,Sim,https://s3.glbimg.com/v1/AUTH_58d78b787ec34892b5aaa0c7a146155f/clubes_2025/silhuetas/FLU/FORMATO.png,0,0,1,0,0,0,3,0,0,0,0,0,0,0,0,0,0,0,0
10,103295,Eric Ramires,280,RBB,4,Meia,2.6,Sim,https://s3.glbimg.com/v1/AUTH_58d78b787ec34892b5aaa0c7a146155f/clubes_2025/silhuetas/RBB/FORMATO.png,0,0,1,0,0,1,1,2,0,0,0,0,0,0,0,0,0,0,0
10,105990,Santiago Mingo,265,BAH,3,Zagueiro,2.6,Sim,https://s3.glbimg.com/v1/AUTH_58d78b787ec34892b5aaa0c7a146155f/clubes_2025/silhuetas/BAH/FORMATO.png,0,0,0,0,0,3,0,3,1,0,0,0,0,0,0,0,0,0,0
10,106147,Thiago Carpini,287,VIT,6,Técnico,2.6,Sim,https://s3.glbimg.com/v1/AUTH_58d78b787ec34892b5aaa0c7a146155f/clubes_2025/silhuetas/VIT/FORMATO.png,0,0,0,0,0,0,0,0,0,0,0,0,0,0,0,0,0,0,0
10,109573,Martinelli,266,FLU,4,Meia,2.6,Sim,https://s3.glbimg.com/v1/AUTH_58d78b787ec34892b5aaa0c7a146155f/clubes_2025/silhuetas/FLU/FORMATO.png,0,0,0,0,0,2,1,3,0,0,0,0,0,0,0,0,0,0,0
10,113034,Freytes,266,FLU,3,Zagueiro,2.6,Sim,https://s3.glbimg.com/v1/AUTH_58d78b787ec34892b5aaa0c7a146155f/clubes_2025/silhuetas/FLU/FORMATO.png,0,0,0,3,0,1,0,1,1,0,0,0,0,0,0,0,0,0,0
10,93879,Marcão,286,JUV,1,Goleiro,2.6,Sim,https://s3.glbimg.com/v1/AUTH_58d78b787ec34892b5aaa0c7a146155f/clubes_2025/silhuetas/JUV/FORMATO.png,0,0,0,0,2,0,0,0,0,0,0,0,0,0,0,0,0,0,0
10,97810,Erick,287,VIT,5,Atacante,2.6,Sim,https://s3.glbimg.com/v1/AUTH_58d78b787ec34892b5aaa0c7a146155f/clubes_2025/silhuetas/VIT/FORMATO.png,0,0,1,1,0,0,3,3,0,0,0,0,0,0,0,0,0,0,0
10,78450,Cláudio Tencati,286,JUV,6,Técnico,2.54,Sim,https://s3.glbimg.com/v1/AUTH_58d78b787ec34892b5aaa0c7a146155f/clubes_2025/silhuetas/JUV/FORMATO.png,0,0,0,0,0,0,0,0,0,0,0,0,0,0,0,0,0,0,0
10,110506,Abel Ferreira,275,PAL,6,Técnico,2.51,Sim,https://s3.glbimg.com/v1/AUTH_58d78b787ec34892b5aaa0c7a146155f/clubes_2025/silhuetas/PAL/FORMATO.png,0,0,0,0,0,0,0,0,0,0,0,0,0,0,0,0,0,0,0
10,104849,Arezo,284,GRE,5,Atacante,2.5,Sim,https://s3.glbimg.com/v1/AUTH_58d78b787ec34892b5aaa0c7a146155f/clubes_2025/silhuetas/GRE/FORMATO.png,0,0,0,1,0,1,1,1,0,0,0,0,0,0,0,0,0,0,0
10,107174,Bruno Tabata,285,INT,4,Meia,2.5,Sim,https://s3.glbimg.com/v1/AUTH_58d78b787ec34892b5aaa0c7a146155f/clubes_2025/silhuetas/INT/FORMATO.png,0,0,0,0,0,1,2,0,0,0,0,0,0,0,0,0,0,0,0
10,110311,José Martínez,264,COR,4,Meia,2.5,Sim,https://s3.glbimg.com/v1/AUTH_58d78b787ec34892b5aaa0c7a146155f/clubes_2025/silhuetas/COR/FORMATO.png,0,0,0,1,0,0,4,1,0,0,0,0,0,0,0,0,0,0,0
10,110426,Bernabéi,285,INT,2,Lateral,2.5,Sim,https://s3.glbimg.com/v1/AUTH_58d78b787ec34892b5aaa0c7a146155f/clubes_2025/silhuetas/INT/FORMATO.png,0,0,0,2,0,1,0,2,0,0,0,0,0,0,0,0,0,0,0
10,116447,Hércules,266,FLU,4,Meia,2.5,Sim,https://s3.glbimg.com/v1/AUTH_58d78b787ec34892b5aaa0c7a146155f/clubes_2025/silhuetas/FLU/FORMATO.png,0,0,0,1,0,1,1,1,0,0,0,0,0,0,0,0,0,0,0
10,141160,Zé Lucas,292,SPT,4,Meia,2.5,Sim,https://s3.glbimg.com/v1/AUTH_58d78b787ec34892b5aaa0c7a146155f/clubes_2025/silhuetas/SPT/FORMATO.png,0,0,0,0,0,1,2,0,0,0,0,0,0,0,0,0,0,0,0
10,77664,Sérgio Oliveira,292,SPT,4,Meia,2.5,Sim,https://s3.glbimg.com/v1/AUTH_58d78b787ec34892b5aaa0c7a146155f/clubes_2025/silhuetas/SPT/FORMATO.png,0,0,1,1,0,1,0,0,1,0,0,0,0,0,0,0,0,0,0
10,82628,Tinga,356,FOR,2,Lateral,2.5,Sim,https://s3.glbimg.com/v1/AUTH_58d78b787ec34892b5aaa0c7a146155f/clubes_2025/silhuetas/FOR/FORMATO.png,0,0,0,1,0,1,1,1,0,0,0,0,0,0,0,0,0,0,0
10,91573,Arboleda,276,SAO,3,Zagueiro,2.5,Sim,https://s3.glbimg.com/v1/AUTH_58d78b787ec34892b5aaa0c7a146155f/clubes_2025/silhuetas/SAO/FORMATO.png,0,0,0,1,0,1,1,1,0,0,0,0,0,0,0,0,0,0,0
10,91908,Pavón,284,GRE,5,Atacante,2.5,Sim,https://s3.glbimg.com/v1/AUTH_58d78b787ec34892b5aaa0c7a146155f/clubes_2025/silhuetas/GRE/FORMATO.png,0,0,0,1,0,2,0,1,1,0,0,0,0,0,0,0,0,0,0
10,96340,Lima,266,FLU,4,Meia,2.5,Sim,https://s3.glbimg.com/v1/AUTH_58d78b787ec34892b5aaa0c7a146155f/clubes_2025/silhuetas/FLU/FORMATO.png,0,0,1,2,0,0,0,1,0,0,0,0,0,0,0,0,0,0,0
10,104754,Juan Vojvoda,356,FOR,6,Técnico,2.49,Sim,https://s3.glbimg.com/v1/AUTH_58d78b787ec34892b5aaa0c7a146155f/clubes_2025/silhuetas/FOR/FORMATO.png,0,0,0,0,0,0,0,0,0,0,0,0,0,0,0,0,0,0,0
10,100969,Ronald Lopes,287,VIT,4,Meia,2.4,Sim,https://s3.glbimg.com/v1/AUTH_58d78b787ec34892b5aaa0c7a146155f/clubes_2025/silhuetas/VIT/FORMATO.png,0,0,1,0,0,1,0,1,0,0,0,0,0,0,0,0,0,0,0
10,63007,Neymar,277,SAN,4,Meia,2.4,Sim,https://s3.glbimg.com/v1/AUTH_58d78b787ec34892b5aaa0c7a146155f/clubes_2025/silhuetas/SAN/FORMATO.png,0,0,1,0,0,0,3,1,0,0,0,0,0,0,0,0,0,0,0
10,89048,Héctor Hernández,264,COR,5,Atacante,2.4,Sim,https://s3.glbimg.com/v1/AUTH_58d78b787ec34892b5aaa0c7a146155f/clubes_2025/silhuetas/COR/FORMATO.png,0,0,0,1,0,1,2,3,0,0,0,0,0,0,0,0,0,0,0
10,90703,Matheuzinho,287,VIT,4,Meia,2.4,Sim,https://s3.glbimg.com/v1/AUTH_58d78b787ec34892b5aaa0c7a146155f/clubes_2025/silhuetas/VIT/FORMATO.png,0,0,0,0,0,2,2,2,1,0,0,0,0,0,0,0,0,0,0
10,99440,Baralhas,287,VIT,4,Meia,2.4,Sim,https://s3.glbimg.com/v1/AUTH_58d78b787ec34892b5aaa0c7a146155f/clubes_2025/silhuetas/VIT/FORMATO.png,0,0,0,1,0,2,1,3,1,0,0,0,0,0,0,0,0,0,0
10,113158,Marquinhos,283,CRU,5,Atacante,2.3,Sim,https://s3.glbimg.com/v1/AUTH_58d78b787ec34892b5aaa0c7a146155f/clubes_2025/silhuetas/CRU/FORMATO.png,0,0,0,1,0,1,0,0,0,0,0,0,0,0,0,0,0,0,0
10,110510,Aguirre,285,INT,2,Lateral,2.2,Sim,https://s3.glbimg.com/v1/AUTH_58d78b787ec34892b5aaa0c7a146155f/clubes_2025/silhuetas/INT/FORMATO.png,0,0,0,0,0,2,1,1,1,0,0,0,0,0,0,0,0,0,0
10,78445,Renê,266,FLU,2,Lateral,2.2,Sim,https://s3.glbimg.com/v1/AUTH_58d78b787ec34892b5aaa0c7a146155f/clubes_2025/silhuetas/FLU/FORMATO.png,0,0,0,0,0,1,2,1,0,0,0,0,0,0,0,0,0,0,0
10,91607,Rony,282,CAM,5,Atacante,2.2,Sim,https://s3.glbimg.com/v1/AUTH_58d78b787ec34892b5aaa0c7a146155f/clubes_2025/silhuetas/CAM/FORMATO.png,0,0,1,1,0,0,1,1,0,0,0,0,0,0,0,0,0,0,0
10,95131,Gabriel Taliari,286,JUV,5,Atacante,2.2,Sim,https://s3.glbimg.com/v1/AUTH_58d78b787ec34892b5aaa0c7a146155f/clubes_2025/silhuetas/JUV/FORMATO.png,0,0,0,0,0,1,2,1,0,0,0,0,0,0,0,0,0,0,0
10,105568,Lucero,356,FOR,5,Atacante,2.1,Sim,https://s3.glbimg.com/v1/AUTH_58d78b787ec34892b5aaa0c7a146155f/clubes_2025/silhuetas/FOR/FORMATO.png,0,0,1,0,0,1,0,2,0,0,0,0,0,0,0,0,0,0,0
10,42222,Osvaldo,287,VIT,5,Atacante,2.1,Sim,https://s3.glbimg.com/v1/AUTH_58d78b787ec34892b5aaa0c7a146155f/clubes_2025/silhuetas/VIT/FORMATO.png,0,0,1,0,0,0,2,0,0,0,0,0,1,0,0,0,0,0,0
10,105786,Talles Magno,264,COR,5,Atacante,2,Sim,https://s3.glbimg.com/v1/AUTH_58d78b787ec34892b5aaa0c7a146155f/clubes_2025/silhuetas/COR/FORMATO.png,0,0,0,1,0,0,3,1,0,0,0,0,0,0,0,0,0,0,0
10,111760,Fabinho,280,RBB,4,Meia,2,Sim,https://s3.glbimg.com/v1/AUTH_58d78b787ec34892b5aaa0c7a146155f/clubes_2025/silhuetas/RBB/FORMATO.png,0,0,0,0,0,1,1,0,0,0,0,0,0,0,0,0,0,0,0
10,118563,Rodriguinho,276,SAO,4,Meia,2,Sim,https://s3.glbimg.com/v1/AUTH_58d78b787ec34892b5aaa0c7a146155f/clubes_2025/silhuetas/SAO/FORMATO.png,0,0,0,1,0,1,0,1,0,0,0,0,0,0,0,0,0,0,0
10,92085,Giovanny,286,JUV,5,Atacante,2,Sim,https://s3.glbimg.com/v1/AUTH_58d78b787ec34892b5aaa0c7a146155f/clubes_2025/silhuetas/JUV/FORMATO.png,0,0,0,1,0,0,3,1,0,0,0,0,0,0,0,0,0,0,0
10,94509,Raphael Veiga,275,PAL,4,Meia,2,Sim,https://s3.glbimg.com/v1/AUTH_58d78b787ec34892b5aaa0c7a146155f/clubes_2025/silhuetas/PAL/FORMATO.png,0,0,0,0,0,1,1,0,0,0,0,0,0,0,0,0,0,0,0
10,104204,Edson Carioca,2305,MIR,5,Atacante,1.9,Sim,https://s3.glbimg.com/v1/AUTH_58d78b787ec34892b5aaa0c7a146155f/clubes_2025/silhuetas/MIR/FORMATO.png,0,0,0,0,0,1,2,2,0,0,0,0,0,0,0,0,0,0,0
10,101002,Júnior Santos,282,CAM,5,Atacante,1.8,Sim,https://s3.glbimg.com/v1/AUTH_58d78b787ec34892b5aaa0c7a146155f/clubes_2025/silhuetas/CAM/FORMATO.png,0,0,0,1,0,0,2,0,0,0,0,0,0,0,0,0,0,0,0
10,113103,Flaco López,275,PAL,5,Atacante,1.8,Sim,https://s3.glbimg.com/v1/AUTH_58d78b787ec34892b5aaa0c7a146155f/clubes_2025/silhuetas/PAL/FORMATO.png,0,0,1,2,0,0,0,0,1,0,0,0,0,0,0,0,0,0,0
10,123360,Cauly,265,BAH,4,Meia,1.8,Sim,https://s3.glbimg.com/v1/AUTH_58d78b787ec34892b5aaa0c7a146155f/clubes_2025/silhuetas/BAH/FORMATO.png,0,0,0,1,0,0,2,0,0,0,0,0,0,0,0,0,0,0,0
10,38913,Nenê,286,JUV,4,Meia,1.8,Sim,https://s3.glbimg.com/v1/AUTH_58d78b787ec34892b5aaa0c7a146155f/clubes_2025/silhuetas/JUV/FORMATO.png,0,0,0,1,0,0,2,0,0,0,0,0,0,0,0,0,0,0,0
10,102950,Facundo Torres,275,PAL,5,Atacante,1.7,Sim,https://s3.glbimg.com/v1/AUTH_58d78b787ec34892b5aaa0c7a146155f/clubes_2025/silhuetas/PAL/FORMATO.png,0,0,0,0,0,1,1,1,0,0,0,0,0,0,0,0,0,0,0
10,78605,Gabriel,280,RBB,4,Meia,1.7,Sim,https://s3.glbimg.com/v1/AUTH_58d78b787ec34892b5aaa0c7a146155f/clubes_2025/silhuetas/RBB/FORMATO.png,0,0,0,0,0,1,1,1,0,0,0,0,0,0,0,0,0,0,0
10,99366,Luis Zubeldía,276,SAO,6,Técnico,1.7,Sim,https://s3.glbimg.com/v1/AUTH_58d78b787ec34892b5aaa0c7a146155f/clubes_2025/silhuetas/SAO/FORMATO.png,0,0,0,0,0,0,0,0,0,0,0,0,0,0,0,0,0,0,0
10,69138,Pablo,292,SPT,5,Atacante,1.6,Sim,https://s3.glbimg.com/v1/AUTH_58d78b787ec34892b5aaa0c7a146155f/clubes_2025/silhuetas/SPT/FORMATO.png,0,0,0,1,0,1,1,3,0,0,0,0,3,0,0,0,0,0,0
10,97341,Rogério Ceni,265,BAH,6,Técnico,1.55,Sim,https://s3.glbimg.com/v1/AUTH_58d78b787ec34892b5aaa0c7a146155f/clubes_2025/silhuetas/BAH/FORMATO.png,0,0,0,0,0,0,0,0,0,0,0,0,0,0,0,0,0,0,0
10,107256,Zé Vitor,2305,MIR,4,Meia,1.5,Sim,https://s3.glbimg.com/v1/AUTH_58d78b787ec34892b5aaa0c7a146155f/clubes_2025/silhuetas/MIR/FORMATO.png,0,0,0,0,0,1,0,0,0,0,0,0,0,0,0,0,0,0,0
10,114802,Vitor Roque,275,PAL,5,Atacante,1.5,Sim,https://s3.glbimg.com/v1/AUTH_58d78b787ec34892b5aaa0c7a146155f/clubes_2025/silhuetas/PAL/FORMATO.png,0,0,0,0,0,1,0,0,0,0,0,0,0,0,0,0,0,0,0
10,118238,Ronald,284,GRE,4,Meia,1.5,Sim,https://s3.glbimg.com/v1/AUTH_58d78b787ec34892b5aaa0c7a146155f/clubes_2025/silhuetas/GRE/FORMATO.png,0,0,0,0,0,1,0,0,0,0,0,0,0,0,0,0,0,0,0
10,122302,Cristian,2305,MIR,5,Atacante,1.5,Sim,https://s3.glbimg.com/v1/AUTH_58d78b787ec34892b5aaa0c7a146155f/clubes_2025/silhuetas/MIR/FORMATO.png,0,0,0,0,0,1,0,0,0,0,0,0,0,0,0,0,0,0,0
10,124251,Deivid Washington,277,SAN,5,Atacante,1.5,Sim,https://s3.glbimg.com/v1/AUTH_58d78b787ec34892b5aaa0c7a146155f/clubes_2025/silhuetas/SAN/FORMATO.png,0,0,0,1,0,0,2,1,0,0,0,0,0,0,0,0,0,0,0
10,140365,Luca Meirelles,277,SAN,5,Atacante,1.5,Sim,https://s3.glbimg.com/v1/AUTH_58d78b787ec34892b5aaa0c7a146155f/clubes_2025/silhuetas/SAN/FORMATO.png,0,0,0,0,0,1,0,0,0,0,0,0,0,0,0,0,0,0,0
10,141526,Lucca Prior,356,FOR,4,Meia,1.5,Sim,https://s3.glbimg.com/v1/AUTH_58d78b787ec34892b5aaa0c7a146155f/clubes_2025/silhuetas/FOR/FORMATO.png,0,0,0,0,0,1,0,0,0,0,0,0,0,0,0,0,0,0,0
10,70916,Diogo Barbosa,356,FOR,2,Lateral,1.5,Sim,https://s3.glbimg.com/v1/AUTH_58d78b787ec34892b5aaa0c7a146155f/clubes_2025/silhuetas/FOR/FORMATO.png,0,0,0,0,0,1,0,0,0,0,0,0,0,0,0,0,0,0,0
10,80196,Yago Pikachu,356,FOR,4,Meia,1.5,Sim,https://s3.glbimg.com/v1/AUTH_58d78b787ec34892b5aaa0c7a146155f/clubes_2025/silhuetas/FOR/FORMATO.png,0,0,0,1,0,0,2,1,0,0,0,0,0,0,0,0,0,0,0
10,94067,Matheus Fernandes,280,RBB,4,Meia,1.5,Sim,https://s3.glbimg.com/v1/AUTH_58d78b787ec34892b5aaa0c7a146155f/clubes_2025/silhuetas/RBB/FORMATO.png,0,0,0,0,0,1,0,0,0,0,0,0,0,0,0,0,0,0,0
10,99253,Chico,292,SPT,3,Zagueiro,1.5,Sim,https://s3.glbimg.com/v1/AUTH_58d78b787ec34892b5aaa0c7a146155f/clubes_2025/silhuetas/SPT/FORMATO.png,0,0,0,0,0,1,0,0,0,0,0,0,0,0,0,0,0,0,0
10,113359,Pablo Maia,276,SAO,4,Meia,1.4,Sim,https://s3.glbimg.com/v1/AUTH_58d78b787ec34892b5aaa0c7a146155f/clubes_2025/silhuetas/SAO/FORMATO.png,0,0,0,1,0,1,2,3,1,0,0,0,0,0,0,0,0,0,0
10,122420,Lucca,285,INT,5,Atacante,1.4,Sim,https://s3.glbimg.com/v1/AUTH_58d78b787ec34892b5aaa0c7a146155f/clubes_2025/silhuetas/INT/FORMATO.png,0,0,1,0,0,0,1,1,0,0,0,0,0,0,0,0,0,0,0
10,84674,Lucas Evangelista,275,PAL,4,Meia,1.4,Sim,https://s3.glbimg.com/v1/AUTH_58d78b787ec34892b5aaa0c7a146155f/clubes_2025/silhuetas/PAL/FORMATO.png,0,0,0,0,0,1,1,2,0,0,0,0,0,0,0,0,0,0,0
10,91509,Rodrigo Sam,286,JUV,3,Zagueiro,1.4,Sim,https://s3.glbimg.com/v1/AUTH_58d78b787ec34892b5aaa0c7a146155f/clubes_2025/silhuetas/JUV/FORMATO.png,0,0,0,0,0,1,1,2,0,0,0,0,0,0,0,0,0,0,0
10,100084,Igor Gomes,282,CAM,4,Meia,1.3,Sim,https://s3.glbimg.com/v1/AUTH_58d78b787ec34892b5aaa0c7a146155f/clubes_2025/silhuetas/CAM/FORMATO.png,0,0,0,1,0,0,1,0,0,0,0,0,0,0,0,0,0,0,0
10,122396,Ryan,264,COR,4,Meia,1.3,Sim,https://s3.glbimg.com/v1/AUTH_58d78b787ec34892b5aaa0c7a146155f/clubes_2025/silhuetas/COR/FORMATO.png,0,0,0,0,0,1,4,4,1,0,0,0,0,0,0,0,0,0,0
10,103388,Emmanuel Martínez,356,FOR,4,Meia,1.2,Sim,https://s3.glbimg.com/v1/AUTH_58d78b787ec34892b5aaa0c7a146155f/clubes_2025/silhuetas/FOR/FORMATO.png,0,0,0,0,0,1,2,1,1,0,0,0,0,0,0,0,0,0,0
10,117910,Breno Bidon,264,COR,4,Meia,1.2,Sim,https://s3.glbimg.com/v1/AUTH_58d78b787ec34892b5aaa0c7a146155f/clubes_2025/silhuetas/COR/FORMATO.png,0,0,0,0,0,0,3,1,0,0,0,0,0,0,0,0,0,0,0
10,98619,Kuscevic,356,FOR,3,Zagueiro,1.2,Sim,https://s3.glbimg.com/v1/AUTH_58d78b787ec34892b5aaa0c7a146155f/clubes_2025/silhuetas/FOR/FORMATO.png,0,0,0,0,0,1,0,1,0,0,0,0,0,0,0,0,0,0,0
10,99889,Alan Franco,276,SAO,3,Zagueiro,1.2,Sim,https://s3.glbimg.com/v1/AUTH_58d78b787ec34892b5aaa0c7a146155f/clubes_2025/silhuetas/SAO/FORMATO.png,0,0,0,0,0,1,0,1,0,0,0,0,0,0,0,0,0,0,0
10,107093,Luciano Juba,265,BAH,2,Lateral,1.1,Sim,https://s3.glbimg.com/v1/AUTH_58d78b787ec34892b5aaa0c7a146155f/clubes_2025/silhuetas/BAH/FORMATO.png,0,0,1,0,0,0,1,2,0,0,0,0,0,0,0,0,0,0,0
10,105647,Maurício,275,PAL,4,Meia,1,Sim,https://s3.glbimg.com/v1/AUTH_58d78b787ec34892b5aaa0c7a146155f/clubes_2025/silhuetas/PAL/FORMATO.png,0,0,0,1,0,0,1,1,0,0,0,0,0,0,0,0,0,0,0
10,80129,Jadson,286,JUV,4,Meia,1,Sim,https://s3.glbimg.com/v1/AUTH_58d78b787ec34892b5aaa0c7a146155f/clubes_2025/silhuetas/JUV/FORMATO.png,0,0,1,0,0,1,1,4,1,0,0,0,0,0,0,0,0,0,0
10,99119,Lucas Braga,287,VIT,5,Atacante,1,Sim,https://s3.glbimg.com/v1/AUTH_58d78b787ec34892b5aaa0c7a146155f/clubes_2025/silhuetas/VIT/FORMATO.png,0,0,0,1,0,0,1,1,0,0,0,0,0,0,0,0,0,0,0
10,81150,Mayke,275,PAL,2,Lateral,0.9,Sim,https://s3.glbimg.com/v1/AUTH_58d78b787ec34892b5aaa0c7a146155f/clubes_2025/silhuetas/PAL/FORMATO.png,0,0,0,1,0,0,1,1,0,0,0,0,1,0,0,0,0,0,0
10,86292,Bolasie,283,CRU,5,Atacante,0.9,Sim,https://s3.glbimg.com/v1/AUTH_58d78b787ec34892b5aaa0c7a146155f/clubes_2025/silhuetas/CRU/FORMATO.png,0,0,0,0,0,1,0,2,0,0,0,0,0,0,0,0,0,0,0
10,86757,Everton,262,FLA,5,Atacante,0.9,Sim,https://s3.glbimg.com/v1/AUTH_58d78b787ec34892b5aaa0c7a146155f/clubes_2025/silhuetas/FLA/FORMATO.png,0,0,1,0,0,0,0,1,0,0,0,0,0,0,0,0,0,0,0
10,70360,Eduardo Sasha,280,RBB,5,Atacante,0.8,Sim,https://s3.glbimg.com/v1/AUTH_58d78b787ec34892b5aaa0c7a146155f/clubes_2025/silhuetas/RBB/FORMATO.png,0,0,0,1,0,0,0,0,0,0,0,0,0,0,0,0,0,0,0
10,91772,David Duarte,265,BAH,3,Zagueiro,0.8,Sim,https://s3.glbimg.com/v1/AUTH_58d78b787ec34892b5aaa0c7a146155f/clubes_2025/silhuetas/BAH/FORMATO.png,0,0,0,2,0,0,1,1,1,0,0,0,0,0,0,0,0,0,0
10,142004,Amuzu,284,GRE,5,Atacante,0.7,Sim,https://s3.glbimg.com/v1/AUTH_58d78b787ec34892b5aaa0c7a146155f/clubes_2025/silhuetas/GRE/FORMATO.png,0,0,1,1,0,0,0,1,1,0,0,0,0,0,0,0,0,0,0
10,78117,Everaldo,266,FLU,5,Atacante,0.7,Sim,https://s3.glbimg.com/v1/AUTH_58d78b787ec34892b5aaa0c7a146155f/clubes_2025/silhuetas/FLU/FORMATO.png,0,0,1,1,0,0,0,1,1,0,0,0,0,0,0,0,0,0,0
10,86686,Tchê Tchê,267,VAS,4,Meia,0.7,Sim,https://s3.glbimg.com/v1/AUTH_58d78b787ec34892b5aaa0c7a146155f/clubes_2025/silhuetas/VAS/FORMATO.png,0,0,0,0,0,0,2,1,0,0,0,0,0,0,0,0,0,0,0
10,115594,Marcos Paulo,286,JUV,2,Lateral,0.6,Sim,https://s3.glbimg.com/v1/AUTH_58d78b787ec34892b5aaa0c7a146155f/clubes_2025/silhuetas/JUV/FORMATO.png,0,0,0,0,0,1,0,3,0,0,0,0,0,0,0,0,0,0,0
10,115914,Evertton Araújo,262,FLA,4,Meia,0.6,Sim,https://s3.glbimg.com/v1/AUTH_58d78b787ec34892b5aaa0c7a146155f/clubes_2025/silhuetas/FLA/FORMATO.png,0,0,0,0,0,1,0,3,0,0,0,0,0,0,0,0,0,0,0
10,70216,Gustavo,286,JUV,1,Goleiro,0.6,Sim,https://s3.glbimg.com/v1/AUTH_58d78b787ec34892b5aaa0c7a146155f/clubes_2025/silhuetas/JUV/FORMATO.png,0,0,0,0,2,0,0,0,1,0,1,0,0,0,0,0,0,0,0
10,90588,Caíque,286,JUV,4,Meia,0.6,Sim,https://s3.glbimg.com/v1/AUTH_58d78b787ec34892b5aaa0c7a146155f/clubes_2025/silhuetas/JUV/FORMATO.png,0,0,0,0,0,1,2,3,1,0,0,0,0,0,0,0,0,0,0
10,124280,Ricardo Mathias,285,INT,5,Atacante,0.5,Sim,https://s3.glbimg.com/v1/AUTH_58d78b787ec34892b5aaa0c7a146155f/clubes_2025/silhuetas/INT/FORMATO.png,0,0,0,0,0,0,1,0,0,0,0,0,0,0,0,0,0,0,0
10,130612,Luighi,275,PAL,5,Atacante,0.5,Sim,https://s3.glbimg.com/v1/AUTH_58d78b787ec34892b5aaa0c7a146155f/clubes_2025/silhuetas/PAL/FORMATO.png,0,0,0,0,0,0,1,0,0,0,0,0,0,0,0,0,0,0,0
10,137542,Kaique Kenji,283,CRU,5,Atacante,0.5,Sim,https://s3.glbimg.com/v1/AUTH_58d78b787ec34892b5aaa0c7a146155f/clubes_2025/silhuetas/CRU/FORMATO.png,0,0,0,0,0,0,1,0,0,0,0,0,0,0,0,0,0,0,0
10,37715,Thiago Silva,266,FLU,3,Zagueiro,0.5,Sim,https://s3.glbimg.com/v1/AUTH_58d78b787ec34892b5aaa0c7a146155f/clubes_2025/silhuetas/FLU/FORMATO.png,0,0,0,0,0,0,1,0,0,0,0,0,0,0,0,0,0,0,0
10,68811,Oscar,276,SAO,4,Meia,0.5,Sim,https://s3.glbimg.com/v1/AUTH_58d78b787ec34892b5aaa0c7a146155f/clubes_2025/silhuetas/SAO/FORMATO.png,0,0,0,0,0,0,1,0,0,0,0,0,0,0,0,0,0,0,0
10,87470,Thaciano,277,SAN,4,Meia,0.5,Sim,https://s3.glbimg.com/v1/AUTH_58d78b787ec34892b5aaa0c7a146155f/clubes_2025/silhuetas/SAN/FORMATO.png,0,0,0,0,0,0,1,0,0,0,0,0,0,0,0,0,0,0,0
10,87747,Yago Felipe,2305,MIR,4,Meia,0.4,Sim,https://s3.glbimg.com/v1/AUTH_58d78b787ec34892b5aaa0c7a146155f/clubes_2025/silhuetas/MIR/FORMATO.png,0,0,0,0,0,0,2,2,0,0,0,0,0,0,0,0,0,0,0
10,104118,Lucas Arcanjo,287,VIT,1,Goleiro,0.3,Sim,https://s3.glbimg.com/v1/AUTH_58d78b787ec34892b5aaa0c7a146155f/clubes_2025/silhuetas/VIT/FORMATO.png,0,0,0,0,1,0,0,0,0,0,1,0,0,0,0,0,0,0,0
10,90285,Bruno Henrique,262,FLA,5,Atacante,0.3,Sim,https://s3.glbimg.com/v1/AUTH_58d78b787ec34892b5aaa0c7a146155f/clubes_2025/silhuetas/FLA/FORMATO.png,0,0,0,0,0,0,2,2,0,0,0,0,1,0,0,0,0,0,0
10,91808,Caíque França,292,SPT,1,Goleiro,0.3,Sim,https://s3.glbimg.com/v1/AUTH_58d78b787ec34892b5aaa0c7a146155f/clubes_2025/silhuetas/SPT/FORMATO.png,0,0,0,0,1,0,0,0,0,0,1,0,0,0,0,0,0,0,0
10,100652,Yuri Alberto,264,COR,5,Atacante,0.2,Sim,https://s3.glbimg.com/v1/AUTH_58d78b787ec34892b5aaa0c7a146155f/clubes_2025/silhuetas/COR/FORMATO.png,0,0,0,0,0,0,1,1,0,0,0,0,0,0,0,0,0,0,0
10,113078,Mancuso,356,FOR,2,Lateral,0.2,Sim,https://s3.glbimg.com/v1/AUTH_58d78b787ec34892b5aaa0c7a146155f/clubes_2025/silhuetas/FOR/FORMATO.png,0,0,0,0,0,0,1,1,0,0,0,0,0,0,0,0,0,0,0
10,118752,Mateus Carvalho,267,VAS,4,Meia,0.2,Sim,https://s3.glbimg.com/v1/AUTH_58d78b787ec34892b5aaa0c7a146155f/clubes_2025/silhuetas/VAS/FORMATO.png,0,0,0,0,0,1,0,1,1,0,0,0,0,0,0,0,0,0,0
10,130393,Luiz Gustavo,267,VAS,3,Zagueiro,0.2,Sim,https://s3.glbimg.com/v1/AUTH_58d78b787ec34892b5aaa0c7a146155f/clubes_2025/silhuetas/VAS/FORMATO.png,0,0,0,0,0,1,0,1,1,0,0,0,0,0,0,0,0,0,0
10,140541,Lucas Ferreira,276,SAO,4,Meia,0.2,Sim,https://s3.glbimg.com/v1/AUTH_58d78b787ec34892b5aaa0c7a146155f/clubes_2025/silhuetas/SAO/FORMATO.png,0,0,0,0,0,0,1,1,0,0,0,0,0,0,0,0,0,0,0
10,93988,Breno Lopes,356,FOR,5,Atacante,0.2,Sim,https://s3.glbimg.com/v1/AUTH_58d78b787ec34892b5aaa0c7a146155f/clubes_2025/silhuetas/FOR/FORMATO.png,0,0,0,0,0,0,1,1,0,0,0,0,0,0,0,0,0,0,0
10,104502,Christian,283,CRU,4,Meia,0.1,Sim,https://s3.glbimg.com/v1/AUTH_58d78b787ec34892b5aaa0c7a146155f/clubes_2025/silhuetas/CRU/FORMATO.png,0,0,0,0,0,0,1,1,0,0,0,0,1,0,0,0,0,0,0
10,89846,Cristaldo,284,GRE,4,Meia,0.1,Sim,https://s3.glbimg.com/v1/AUTH_58d78b787ec34892b5aaa0c7a146155f/clubes_2025/silhuetas/GRE/FORMATO.png,0,0,0,0,0,0,3,1,1,0,0,0,1,0,0,0,0,0,0
10,101651,Peixoto,286,JUV,4,Meia,0,Sim,https://s3.glbimg.com/v1/AUTH_58d78b787ec34892b5aaa0c7a146155f/clubes_2025/silhuetas/JUV/FORMATO.png,0,0,0,0,0,0,0,0,0,0,0,0,0,0,0,0,0,0,0
10,103523,Ignácio,266,FLU,3,Zagueiro,0,Sim,https://s3.glbimg.com/v1/AUTH_58d78b787ec34892b5aaa0c7a146155f/clubes_2025/silhuetas/FLU/FORMATO.png,0,0,0,0,0,0,0,0,0,0,0,0,0,0,0,0,0,0,0
10,104640,Matheus Bianqui,2305,MIR,4,Meia,0,Sim,https://s3.glbimg.com/v1/AUTH_58d78b787ec34892b5aaa0c7a146155f/clubes_2025/silhuetas/MIR/FORMATO.png,0,0,0,0,0,0,0,0,0,0,0,0,0,0,0,0,0,0,0
10,105585,Roni,2305,MIR,4,Meia,0,Sim,https://s3.glbimg.com/v1/AUTH_58d78b787ec34892b5aaa0c7a146155f/clubes_2025/silhuetas/MIR/FORMATO.png,0,0,0,0,0,0,0,0,0,0,0,0,0,0,0,0,0,0,0
10,107873,Bobadilla,276,SAO,4,Meia,0,Sim,https://s3.glbimg.com/v1/AUTH_58d78b787ec34892b5aaa0c7a146155f/clubes_2025/silhuetas/SAO/FORMATO.png,0,0,0,0,0,0,0,0,0,0,0,0,0,0,0,0,0,0,0
10,109461,Calebe,356,FOR,4,Meia,0,Sim,https://s3.glbimg.com/v1/AUTH_58d78b787ec34892b5aaa0c7a146155f/clubes_2025/silhuetas/FOR/FORMATO.png,0,0,0,0,0,0,0,0,0,0,0,0,0,0,0,0,0,0,0
10,110818,Renato Paiva,263,BOT,6,Técnico,0,Não,https://s3.glbimg.com/v1/AUTH_58d78b787ec34892b5aaa0c7a146155f/clubes_2025/silhuetas/BOT/FORMATO.png,0,0,0,0,0,0,0,0,0,0,0,0,0,0,0,0,0,0,0
10,111829,Kayky,265,BAH,5,Atacante,0,Sim,https://s3.glbimg.com/v1/AUTH_58d78b787ec34892b5aaa0c7a146155f/clubes_2025/silhuetas/BAH/FORMATO.png,0,0,0,0,0,0,0,0,0,0,0,0,0,0,0,0,0,0,0
10,112906,Sforza,267,VAS,4,Meia,0,Sim,https://s3.glbimg.com/v1/AUTH_58d78b787ec34892b5aaa0c7a146155f/clubes_2025/silhuetas/VAS/FORMATO.png,0,0,0,0,0,0,0,0,0,0,0,0,0,0,0,0,0,0,0
10,115141,Lucas Freitas,267,VAS,3,Zagueiro,0,Sim,https://s3.glbimg.com/v1/AUTH_58d78b787ec34892b5aaa0c7a146155f/clubes_2025/silhuetas/VAS/FORMATO.png,0,0,0,0,0,0,0,0,0,0,0,0,0,0,0,0,0,0,0
10,118775,Lautaro Díaz,283,CRU,5,Atacante,0,Sim,https://s3.glbimg.com/v1/AUTH_58d78b787ec34892b5aaa0c7a146155f/clubes_2025/silhuetas/CRU/FORMATO.png,0,0,0,0,0,0,0,0,0,0,0,0,0,0,0,0,0,0,0
10,126182,Paulinho,267,VAS,4,Meia,0,Sim,https://s3.glbimg.com/v1/AUTH_58d78b787ec34892b5aaa0c7a146155f/clubes_2025/silhuetas/VAS/FORMATO.png,0,0,0,0,0,0,0,0,0,0,0,0,0,0,0,0,0,0,0
10,140484,Riquelme Felipe,266,FLU,5,Atacante,0,Sim,https://s3.glbimg.com/v1/AUTH_58d78b787ec34892b5aaa0c7a146155f/clubes_2025/silhuetas/FLU/FORMATO.png,0,0,0,0,0,0,0,0,0,0,0,0,0,0,0,0,0,0,0
10,140542,Ryan Francisco,276,SAO,5,Atacante,0,Sim,https://s3.glbimg.com/v1/AUTH_58d78b787ec34892b5aaa0c7a146155f/clubes_2025/silhuetas/SAO/FORMATO.png,0,0,0,0,0,0,0,0,0,0,0,0,0,0,0,0,0,0,0
10,141453,Atencio,292,SPT,4,Meia,0,Sim,https://s3.glbimg.com/v1/AUTH_58d78b787ec34892b5aaa0c7a146155f/clubes_2025/silhuetas/SPT/FORMATO.png,0,0,0,0,0,0,0,0,0,0,0,0,0,0,0,0,0,0,0
10,143350,Murilo Rhikman,283,CRU,4,Meia,0,Sim,https://s3.glbimg.com/v1/AUTH_58d78b787ec34892b5aaa0c7a146155f/clubes_2025/silhuetas/CRU/FORMATO.png,0,0,0,0,0,0,0,0,0,0,0,0,0,0,0,0,0,0,0
10,143488,Raykkonen,285,INT,5,Atacante,0,Sim,https://s3.glbimg.com/v1/AUTH_58d78b787ec34892b5aaa0c7a146155f/clubes_2025/silhuetas/INT/FORMATO.png,0,0,0,0,0,0,0,0,0,0,0,0,0,0,0,0,0,0,0
10,37457,Léo Condé,354,CEA,6,Técnico,0,Não,https://s3.glbimg.com/v1/AUTH_58d78b787ec34892b5aaa0c7a146155f/clubes_2025/silhuetas/CEA/FORMATO.png,0,0,0,0,0,0,0,0,0,0,0,0,0,0,0,0,0,0,0
10,68708,Eduardo,283,CRU,4,Meia,0,Sim,https://s3.glbimg.com/v1/AUTH_58d78b787ec34892b5aaa0c7a146155f/clubes_2025/silhuetas/CRU/FORMATO.png,0,0,0,0,0,0,0,0,0,0,0,0,0,0,0,0,0,0,0
10,68996,Willian José,265,BAH,5,Atacante,0,Sim,https://s3.glbimg.com/v1/AUTH_58d78b787ec34892b5aaa0c7a146155f/clubes_2025/silhuetas/BAH/FORMATO.png,0,0,0,0,0,0,0,0,0,0,0,0,0,0,0,0,0,0,0
10,71701,Santiago Arias,265,BAH,2,Lateral,0,Sim,https://s3.glbimg.com/v1/AUTH_58d78b787ec34892b5aaa0c7a146155f/clubes_2025/silhuetas/BAH/FORMATO.png,0,0,0,0,0,0,0,0,0,0,0,0,0,0,0,0,0,0,0
10,77656,Cédric Soares,276,SAO,2,Lateral,0,Sim,https://s3.glbimg.com/v1/AUTH_58d78b787ec34892b5aaa0c7a146155f/clubes_2025/silhuetas/SAO/FORMATO.png,0,0,0,0,0,0,0,0,0,0,0,0,0,0,0,0,0,0,0
10,80313,Gilberto,265,BAH,2,Lateral,0,Sim,https://s3.glbimg.com/v1/AUTH_58d78b787ec34892b5aaa0c7a146155f/clubes_2025/silhuetas/BAH/FORMATO.png,0,0,0,0,0,0,0,0,0,0,0,0,0,0,0,0,0,0,0
10,84523,Romarinho,292,SPT,5,Atacante,0,Sim,https://s3.glbimg.com/v1/AUTH_58d78b787ec34892b5aaa0c7a146155f/clubes_2025/silhuetas/SPT/FORMATO.png,0,0,0,0,0,0,0,0,0,0,0,0,0,0,0,0,0,0,0
10,85034,Óscar Romero,285,INT,4,Meia,0,Sim,https://s3.glbimg.com/v1/AUTH_58d78b787ec34892b5aaa0c7a146155f/clubes_2025/silhuetas/INT/FORMATO.png,0,0,0,0,0,0,0,0,0,0,0,0,0,0,0,0,0,0,0
10,94583,Pedro,262,FLA,5,Atacante,0,Sim,https://s3.glbimg.com/v1/AUTH_58d78b787ec34892b5aaa0c7a146155f/clubes_2025/silhuetas/FLA/FORMATO.png,0,0,0,0,0,0,0,0,0,0,0,0,0,0,0,0,0,0,0
10,96342,Charles,264,COR,4,Meia,0,Sim,https://s3.glbimg.com/v1/AUTH_58d78b787ec34892b5aaa0c7a146155f/clubes_2025/silhuetas/COR/FORMATO.png,0,0,0,0,0,0,0,0,0,0,0,0,0,0,0,0,0,0,0
10,97868,Iago,265,BAH,2,Lateral,0,Sim,https://s3.glbimg.com/v1/AUTH_58d78b787ec34892b5aaa0c7a146155f/clubes_2025/silhuetas/BAH/FORMATO.png,0,0,0,0,0,0,0,0,0,0,0,0,0,0,0,0,0,0,0
10,99392,Michael,262,FLA,5,Atacante,0,Sim,https://s3.glbimg.com/v1/AUTH_58d78b787ec34892b5aaa0c7a146155f/clubes_2025/silhuetas/FLA/FORMATO.png,0,0,0,0,0,0,0,0,0,0,0,0,0,0,0,0,0,0,0
10,99818,Paulinho,275,PAL,5,Atacante,0,Sim,https://s3.glbimg.com/v1/AUTH_58d78b787ec34892b5aaa0c7a146155f/clubes_2025/silhuetas/PAL/FORMATO.png,0,0,0,0,0,0,0,0,0,0,0,0,0,0,0,0,0,0,0
10,122755,Lucas Cunha,292,SPT,3,Zagueiro,-0.1,Sim,https://s3.glbimg.com/v1/AUTH_58d78b787ec34892b5aaa0c7a146155f/clubes_2025/silhuetas/SPT/FORMATO.png,0,0,0,0,0,1,0,2,1,0,0,0,0,0,0,0,0,0,0
10,131617,André Silva,276,SAO,5,Atacante,-0.1,Sim,https://s3.glbimg.com/v1/AUTH_58d78b787ec34892b5aaa0c7a146155f/clubes_2025/silhuetas/SAO/FORMATO.png,0,0,0,1,0,0,2,3,1,0,0,0,0,0,0,0,0,0,0
10,71684,Gustavo Gómez,275,PAL,3,Zagueiro,-0.1,Sim,https://s3.glbimg.com/v1/AUTH_58d78b787ec34892b5aaa0c7a146155f/clubes_2025/silhuetas/PAL/FORMATO.png,0,0,0,0,0,1,0,2,1,0,0,0,0,0,0,0,0,0,0
10,72460,Bernard,282,CAM,4,Meia,-0.1,Sim,https://s3.glbimg.com/v1/AUTH_58d78b787ec34892b5aaa0c7a146155f/clubes_2025/silhuetas/CAM/FORMATO.png,0,0,0,0,0,0,1,2,0,0,0,0,0,0,0,0,0,0,0
10,73515,Gabriel,2305,MIR,4,Meia,-0.1,Sim,https://s3.glbimg.com/v1/AUTH_58d78b787ec34892b5aaa0c7a146155f/clubes_2025/silhuetas/MIR/FORMATO.png,0,0,0,0,0,0,0,0,0,0,0,0,1,0,0,0,0,0,0
10,81845,Alisson,276,SAO,4,Meia,-0.1,Sim,https://s3.glbimg.com/v1/AUTH_58d78b787ec34892b5aaa0c7a146155f/clubes_2025/silhuetas/SAO/FORMATO.png,0,0,1,0,0,0,0,1,1,0,0,0,0,0,0,0,0,0,0
10,89883,Dodi,284,GRE,4,Meia,-0.1,Sim,https://s3.glbimg.com/v1/AUTH_58d78b787ec34892b5aaa0c7a146155f/clubes_2025/silhuetas/GRE/FORMATO.png,0,0,0,1,0,0,0,3,0,0,0,0,0,0,0,0,0,0,0
10,68928,Rafael,276,SAO,1,Goleiro,-0.2,Sim,https://s3.glbimg.com/v1/AUTH_58d78b787ec34892b5aaa0c7a146155f/clubes_2025/silhuetas/SAO/FORMATO.png,0,0,0,0,1,0,1,0,0,0,2,0,0,0,0,0,0,0,0
10,71631,Weverton,275,PAL,1,Goleiro,-0.2,Sim,https://s3.glbimg.com/v1/AUTH_58d78b787ec34892b5aaa0c7a146155f/clubes_2025/silhuetas/PAL/FORMATO.png,0,0,0,0,1,0,1,0,0,0,2,0,0,0,0,0,0,0,0
10,106323,Caio Alexandre,265,BAH,4,Meia,-0.3,Sim,https://s3.glbimg.com/v1/AUTH_58d78b787ec34892b5aaa0c7a146155f/clubes_2025/silhuetas/BAH/FORMATO.png,0,0,0,1,0,0,1,2,1,0,0,0,0,0,0,0,0,0,0
10,116461,Jamerson,287,VIT,2,Lateral,-0.3,Sim,https://s3.glbimg.com/v1/AUTH_58d78b787ec34892b5aaa0c7a146155f/clubes_2025/silhuetas/VIT/FORMATO.png,0,0,0,0,0,0,0,1,0,0,0,0,0,0,0,0,0,0,0
10,134246,Yago Noal,285,INT,4,Meia,-0.3,Sim,https://s3.glbimg.com/v1/AUTH_58d78b787ec34892b5aaa0c7a146155f/clubes_2025/silhuetas/INT/FORMATO.png,0,0,0,0,0,0,0,1,0,0,0,0,0,0,0,0,0,0,0
10,137618,Clayton Sampaio,285,INT,3,Zagueiro,-0.3,Sim,https://s3.glbimg.com/v1/AUTH_58d78b787ec34892b5aaa0c7a146155f/clubes_2025/silhuetas/INT/FORMATO.png,0,0,0,0,0,0,0,1,0,0,0,0,0,0,0,0,0,0,0
10,141607,Matheus Alves,276,SAO,4,Meia,-0.3,Sim,https://s3.glbimg.com/v1/AUTH_58d78b787ec34892b5aaa0c7a146155f/clubes_2025/silhuetas/SAO/FORMATO.png,0,0,0,0,0,0,0,1,0,0,0,0,0,0,0,0,0,0,0
10,141754,Gabriel Bontempo,277,SAN,4,Meia,-0.3,Sim,https://s3.glbimg.com/v1/AUTH_58d78b787ec34892b5aaa0c7a146155f/clubes_2025/silhuetas/SAN/FORMATO.png,0,0,0,0,0,0,0,1,0,0,0,0,0,0,0,0,0,0,0
10,79702,Antônio Carlos,292,SPT,3,Zagueiro,-0.3,Sim,https://s3.glbimg.com/v1/AUTH_58d78b787ec34892b5aaa0c7a146155f/clubes_2025/silhuetas/SPT/FORMATO.png,0,0,0,0,0,0,0,1,0,0,0,0,0,0,0,0,0,0,0
10,80583,Lucas Lima,292,SPT,4,Meia,-0.3,Sim,https://s3.glbimg.com/v1/AUTH_58d78b787ec34892b5aaa0c7a146155f/clubes_2025/silhuetas/SPT/FORMATO.png,0,0,0,0,0,0,0,1,0,0,0,0,0,0,0,0,0,0,0
10,90943,Zé Marcos,287,VIT,3,Zagueiro,-0.3,Sim,https://s3.glbimg.com/v1/AUTH_58d78b787ec34892b5aaa0c7a146155f/clubes_2025/silhuetas/VIT/FORMATO.png,0,0,0,0,0,0,0,1,0,0,0,0,0,0,0,0,0,0,0
10,140364,João Marcelo,282,CAM,5,Atacante,-0.6,Sim,https://s3.glbimg.com/v1/AUTH_58d78b787ec34892b5aaa0c7a146155f/clubes_2025/silhuetas/CAM/FORMATO.png,0,0,0,0,0,0,0,2,0,0,0,0,0,0,0,0,0,0,0
10,61188,Gilberto,286,JUV,5,Atacante,-0.6,Sim,https://s3.glbimg.com/v1/AUTH_58d78b787ec34892b5aaa0c7a146155f/clubes_2025/silhuetas/JUV/FORMATO.png,0,0,0,0,0,0,0,2,0,0,0,0,0,0,0,0,0,0,0
10,74187,Rincón,277,SAN,4,Meia,-0.6,Sim,https://s3.glbimg.com/v1/AUTH_58d78b787ec34892b5aaa0c7a146155f/clubes_2025/silhuetas/SAN/FORMATO.png,0,0,0,0,0,0,0,2,0,0,0,0,0,0,0,0,0,0,0
10,95556,Raniele,264,COR,4,Meia,-0.6,Sim,https://s3.glbimg.com/v1/AUTH_58d78b787ec34892b5aaa0c7a146155f/clubes_2025/silhuetas/COR/FORMATO.png,0,0,0,0,0,0,0,2,0,0,0,0,0,0,0,0,0,0,0
10,37656,Fábio,266,FLU,1,Goleiro,-0.7,Sim,https://s3.glbimg.com/v1/AUTH_58d78b787ec34892b5aaa0c7a146155f/clubes_2025/silhuetas/FLU/FORMATO.png,0,0,0,0,1,0,0,0,1,0,1,0,0,0,0,0,0,0,0
10,85004,Marcos Felipe,265,BAH,1,Goleiro,-0.7,Sim,https://s3.glbimg.com/v1/AUTH_58d78b787ec34892b5aaa0c7a146155f/clubes_2025/silhuetas/BAH/FORMATO.png,0,0,0,0,1,0,0,0,0,0,1,0,0,0,0,1,0,0,0
10,107173,Michel Araújo,265,BAH,4,Meia,-0.9,Sim,https://s3.glbimg.com/v1/AUTH_58d78b787ec34892b5aaa0c7a146155f/clubes_2025/silhuetas/BAH/FORMATO.png,0,0,0,0,0,0,0,3,0,0,0,0,0,0,0,0,0,0,0
10,102130,Piquerez,275,PAL,2,Lateral,-1,Sim,https://s3.glbimg.com/v1/AUTH_58d78b787ec34892b5aaa0c7a146155f/clubes_2025/silhuetas/PAL/FORMATO.png,0,0,1,1,0,1,1,0,1,0,0,0,0,0,0,0,1,0,0
10,108548,Aravena,284,GRE,5,Atacante,-1,Sim,https://s3.glbimg.com/v1/AUTH_58d78b787ec34892b5aaa0c7a146155f/clubes_2025/silhuetas/GRE/FORMATO.png,0,0,0,0,0,0,0,0,1,0,0,0,0,0,0,0,0,0,0
10,51772,Everton Ribeiro,265,BAH,4,Meia,-1,Sim,https://s3.glbimg.com/v1/AUTH_58d78b787ec34892b5aaa0c7a146155f/clubes_2025/silhuetas/BAH/FORMATO.png,0,0,0,0,0,0,0,0,1,0,0,0,0,0,0,0,0,0,0
10,88323,Ángel Romero,264,COR,5,Atacante,-1,Sim,https://s3.glbimg.com/v1/AUTH_58d78b787ec34892b5aaa0c7a146155f/clubes_2025/silhuetas/COR/FORMATO.png,0,0,0,0,0,0,0,0,1,0,0,0,0,0,0,0,0,0,0
10,92981,Ronaldo,285,INT,4,Meia,-1,Sim,https://s3.glbimg.com/v1/AUTH_58d78b787ec34892b5aaa0c7a146155f/clubes_2025/silhuetas/INT/FORMATO.png,0,0,0,1,0,1,0,1,0,1,0,0,0,0,0,0,0,0,0
10,105300,Ferraresi,276,SAO,3,Zagueiro,-1.1,Sim,https://s3.glbimg.com/v1/AUTH_58d78b787ec34892b5aaa0c7a146155f/clubes_2025/silhuetas/SAO/FORMATO.png,0,0,0,0,0,2,1,2,1,0,0,0,0,0,0,0,0,0,0
10,101594,Hugo Moura,267,VAS,4,Meia,-1.4,Sim,https://s3.glbimg.com/v1/AUTH_58d78b787ec34892b5aaa0c7a146155f/clubes_2025/silhuetas/VAS/FORMATO.png,0,0,0,0,0,0,1,3,1,0,0,0,0,0,0,0,0,0,0
10,97653,Murilo,275,PAL,3,Zagueiro,-1.4,Sim,https://s3.glbimg.com/v1/AUTH_58d78b787ec34892b5aaa0c7a146155f/clubes_2025/silhuetas/PAL/FORMATO.png,0,0,0,0,0,1,0,3,1,0,0,0,0,0,0,1,0,0,0
10,100085,Pedro Augusto,292,SPT,4,Meia,-2.4,Sim,https://s3.glbimg.com/v1/AUTH_58d78b787ec34892b5aaa0c7a146155f/clubes_2025/silhuetas/SPT/FORMATO.png,0,0,0,0,0,1,0,3,0,1,0,0,0,0,0,0,0,0,0
10,99198,Vegetti,267,VAS,5,Atacante,-2.8,Sim,https://s3.glbimg.com/v1/AUTH_58d78b787ec34892b5aaa0c7a146155f/clubes_2025/silhuetas/VAS/FORMATO.png,0,0,0,1,0,0,0,2,0,0,0,0,0,0,0,0,0,0,0
